Car Number,Number of stores closed,1,2,3,4,5,6,7,8,9,10,11,12,13,14,15
D1,0,(00471) Соёолж төв(DASHNYAM.G),(00472) Стар(DASHNYAM.G),(00473) Перл(DASHNYAM.G),(00538) Мөрөн(DASHNYAM.G),(00572) Мөрөн зах(DASHNYAM.G),,,,,,,,,,
D2,0,(00411) Мандалговь(ENKHEE.B),(00415) Даланзадгад(KHULAN.GO),(00420) Гандирс худалдааны төв (KHULAN.GO),(00429) Цогтцэций(KHULAN.GO),(00430) Ханбогд(KHULAN.GO),(00446) Даланзадгад Оюут(KHULAN.GO),(00447) Даланзадгад Их уул(KHULAN.GO),(00475) Мандалговь 2(ENKHEE.B),(00531) Мандалговь Өндөр Ээж(ENKHEE.B),,,,,,
D3,0,(00348) Чойр(AMGALANBAYAR.B),(00381) Замын-Үүд(KHONGORZUL.A),(00407) Замын-Үүд 2 (KHONGORZUL.A),(00413) F Сайншанд Сувдан өргөө(KHONGORZUL.A),(00474) F Сайншанд Хос Өргөө (KHONGORZUL.A),(00484) F Чойр - Дрийм Өүсис(AMGALANBAYAR.B),(00511) Замын-Үүд 3(KHONGORZUL.A),(00512) Баян сум(KHONGORZUL.A),(00533) Сайншанд Сакура(KHONGORZUL.A),(00541) Сайншанд 4(KHONGORZUL.A),(00547) Бор-Өндөр(AMGALANBAYAR.B),(00549) Бор өндөр Дрийм(AMGALANBAYAR.B),(00570) Сүмбэр сум(AMGALANBAYAR.B),,
D4,0,(00322) Багануурын зам(NOMIN.T),(00330) Багануур(NOMIN.T),(00353) Модун(USUKHBAYAR.B),(00386) Цэнхэрмандал(USUKHBAYAR.B),(00432) Төгөлдөр Хэнтий(USUKHBAYAR.B),(00464) Багануур Хархорин плаза(NOMIN.T),(00501) Чойбалсан зочид буудал(MUNKHSULD.M),(00502) Хэрлэн зочид буудал(MUNKHSULD.M),(00523) Дорнод МУИС(MUNKHSULD.M),(00524) Найрамдал парк(MUNKHSULD.M),(00554) Хөлөнбуйр(MUNKHSULD.M),(00562) Эрдэнэ сум(TSOLMONGEREL.KH),,,
D5,0,(00458) Хангарьд зочид буудал (USUKHBAYAR.B),(00465) Хулан төв(USUKHBAYAR.B),(00536) Зүүн бүсийн худалдааны төв(BILGUUN.M),(00537) Баруун-Урт Хийморь(BILGUUN.M),(00573) Шарга кино театр(BILGUUN.M),,,,,,,,,,
D6,0,(00289) Баянчандмань(KHOSBAYAR.U),(00336) Баруунхараа(ARIUNZUL.E),(00366) Зүүнхараа сити центр(ARIUNZUL.E),(00382) Баянчандмань 2(KHOSBAYAR.U),(00425) Хөтөл(ULSBOLD.P),(00469) Элгэмсэг төв(ARIUNZUL.E),(00478) Хонгор(ULSBOLD.P),(00485) Хөтөл-2(ULSBOLD.P),,,,,,,
D7,0,(00344) Лүн сум(SUKHBAT.B),(00433) Арвайхээр Сакура(DAGIIJANCHIV.E),(00434) Арвайхээр (DAGIIJANCHIV.E),(00487) Жинчин(DAGIIJANCHIV.E),(00496) Лүн 2(SUKHBAT.B),(00568) Эрдэнэсант сум(SUKHBAT.B),,,,,,,,,
D8,0,(00309) Эрдэнэт үйлчилгээний төв(ERDENE.J),(00311) Төгөл их дэлгүүр(ERDENE.J),(00319) Эрдэнэт-Булганы зам(ERDENE.J),(00326) Баян худалдааны төв(ERDENE.J),(00340) Сонор хайрхан төв(ERDENE.J),(00363) Молор-Эрдэнэ (ERDENE.J),(00442) Булган 2(ERDENE.J),(00448) Эрдэнэт Хорооллын эцэс(ERDENE.J),(00456) Эрхэт 888(ERDENE.J),(00476) Баруунбүрэн(ULSBOLD.P),(00514) Эрдэнэт-Булганы зам 2(ERDENE.J),(00515) Булганы зам(ERDENE.J),(00579) Альфа Арена(ERDENE.J),,
D9,0,(00280) Дархан үйлчилгээний төв(ULSBOLD.P),(00294) Твин Парк хотхон(ULSBOLD.P),(00303) F Аму молл(ULSBOLD.P),(00335) Цуурай Цо(ULSBOLD.P),(00400) Хөх Чулуут(ARIUNZUL.E),(00416) Номин Зочид буудал(ARIUNZUL.E),(00455) Сүхбаатар-Алтанбулагийн зам(ARIUNZUL.E),(00467) Д.Оюунболдын гудамж(ARIUNZUL.E),(00468) Алтанбулаг(ARIUNZUL.E),(00477) Хуучин Дархан(ULSBOLD.P),(00488) Партизан талбай(ARIUNZUL.E),(00497) Дархан плаза(ULSBOLD.P),,,
D10,0,(00491) Амар худалдааны төв(DAGIIJANCHIV.E),(00492) Элбэг (DAGIIJANCHIV.E),(00493) Буянт богд(DAGIIJANCHIV.E),(00495) Баянхонгор их дэлгүүр(DAGIIJANCHIV.E),(00569) Рашаант сум(SUKHBAT.B),,,,,,,,,,
D11,0,(00343) Хар хорин сум(NYAMNOROV.B),(00405) Хотонт(NYAMNOROV.B),(00443) Орхон төв(NYAMNOROV.B),(00459) Цахиур зочид буудал(NYAMNOROV.B),(00466) Дөрвөн ундрага төв(NYAMNOROV.B),(00483) Мандала зочид буудал(NYAMNOROV.B),(00486) Авто тээврийн төв(NYAMNOROV.B),(00534) Баянхангай(SUKHBAT.B),(00551) Хужирт сум (NYAMNOROV.B),(00561) Хархорин Өв төв(NYAMNOROV.B),(00575) Хархорин Боломж(NYAMNOROV.B),,,,
D12,0,(00087) NUBIA 1(SARANTUYA.D),(00088) NUBIA 2(SARANTUYA.D),(00532) Зуунмод 1000айл(SARANTUYA.D),(00315) F Зуунмод(SARANTUYA.D),(00503) Түргэний ам(SARANTUYA.D),(00372) Өлзийт хороолол(SARANTUYA.D),(00325) Өлзийтийн зам 2(SARANTUYA.D),(00131) Өлзийтийн зам(SARANTUYA.D),(00071) Шинэ Яармаг(AMGALANBAYAR.B),(00288) Буянт Ухаа тауэр(AMGALANBAYAR.B),(00588) Фемида салбар(BAYARSAIKHAN.E),,,,
D13,0,(00423) 17-р сургууль(NARANTSATSRAL.B),(00328) Далайхүү(NARANTSATSRAL.B),(00365) Өнө бар төв(ERDENE.J),(00284) Таван буудал(ERDENE.J),(00349) Зургаан буудал(DASHNYAM.G),(00149) Долоон буудал(DASHNYAM.G),(00226) Шадивлан(DASHNYAM.G),(00297) Жигжидийн зам(DASHNYAM.G),(00498) Яргайт(DASHNYAM.G),(00463) Дамбадаржаагийн гудамж(DASHNYAM.G),(00254) Бэлх зах(DASHNYAM.G),(00571) Дарь эх 33(NARANTSATSRAL.B),(00457) 7 буудал Чингэлтэйн уулзвар(DASHNYAM.G),(00577) Чингэлтэйн гудамж(NARANTSATSRAL.B),(00261) ДЦС-4(DAGIIJANCHIV.E)
D14,0,(00390) F Офицерийн тойрог(TUGSJARGAL.M),(00080) 72-р хотхон(ZOLJARGAL.GO),(00201) Саруул тэнгэр(ZOLJARGAL.GO),(00528) Батлан хамгаалахын их сургууль(TUGSJARGAL.M),(00178) F Комфорт хотхон(MUNKHSULD.M),(00112) Икс апартмент(KHERLENCHIMEG.B),(00240) Тэнгэр(KHERLENCHIMEG.B),(00302) Офицер зах (USUKHBAYAR.B),(00110) F БЗД(KHERLENCHIMEG.B),(00506) Хорека төв(KHERLENCHIMEG.B),(00166) Сувдан сондор хотхон(KHERLENCHIMEG.B),(00582) Зүүн хүрээ хотхон(KHERLENCHIMEG.B),(00170) Зүүн дөрвөн зам(KHERLENCHIMEG.B),,
D15,0,(00500) Цонжинболдог(TSOLMONGEREL.KH),(00518) Тэрэлжийн пост(TSOLMONGEREL.KH),(00367) Налайх-Тэрэлжийн зам(TSOLMONGEREL.KH),(00507) Замд гаръя(TSOLMONGEREL.KH),(00256) Налайхын пост(TSOLMONGEREL.KH),(00470) Налайх Т.Дамдины гудамж (TSOLMONGEREL.KH),(00444) Налайхын эцэс(TSOLMONGEREL.KH),(00454) Налайх уурхайчдын 1-р гудамж(TSOLMONGEREL.KH),(00355) Налайх(TSOLMONGEREL.KH),(00212) F Буян Налайх(TSOLMONGEREL.KH),(00245) Налайх колонк(TSOLMONGEREL.KH),(00321) Налайх-Чойрын зам(TSOLMONGEREL.KH),,,
D16,0,(00279) Шар хадны эцэс(TUGSJARGAL.M),(00262) Да Хүрээ зах(TUGSJARGAL.M),(00428) Эрдэнэтолгой(TUGSJARGAL.M),(00402) Гачууртын зам(NOMIN.T),(00556) Улиастай шинэ эцэс(NOMIN.T),(00268) F Улиастайн зам(NOMIN.T),(00383) Хужирбулан(NOMIN.T),(00510) Гачууртын эцэс(NOMIN.T),(00313) Ургах Наран (MUNKHSULD.M),(00479) CU Хоолны үйлдвэр (MUNKHSULD.M),(00368) Хонхор(MUNKHSULD.M),(00063) Баянзүрхийн товчоо(NOMIN.T),(00441) Баянзүрхийн товчоо 2(MUNKHSULD.M),,
D17,0,(00104) F Улаанхуаран(TUGSJARGAL.M),(00525) Ток центр(TUGSJARGAL.M),(00142) F Грийн апартмент(TUGSJARGAL.M),(00435) Дандарбаатарын гудамж(TUGSJARGAL.M),(00436) Наран буудал(TUGSJARGAL.M),(00314) Кэстл Плаза(BATMUNKH.E),(00351) 1000 оюутны байр(ZOLJARGAL.GO),(00152) Хаппи таун(BATMUNKH.E),(00052) F Кино Үйлдвэр(BATMUNKH.E),(00248) F Би Жи зочид буудал(TUGSJARGAL.M),(00096) БЗД-ийн эмнэлэг(BATMUNKH.E),(00417) Офицеруудын ордон(TUGSJARGAL.M),(00073) Офицер Таун(ZOLJARGAL.GO),(00587) Лувсанцэвээний гудамж(ZOLJARGAL.GO),
D18,0,(00269) Амгалангийн гарам(NOMIN.T),(00062) Амгалан(MUNKHSULD.M),(00574) Ботаникийн эцэс(NOMIN.T),(00164) ДХИС(NOMIN.T),(00177) Ботаник(MUNKHSULD.M),(00461) Сэрэнэ таун(MUNKHSULD.M),(00424) Шөнийн дэлгүүр(KHERLENCHIMEG.B),(00352) F Чулуун овоо(KHERLENCHIMEG.B),,,,,,,
D19,0,(00521) Туул төв(DAGIIJANCHIV.E),(00529) Батсүмбэр(KHOSBAYAR.U),(00522) 61-н гарам(KHOSBAYAR.U),(00539) Эмээлтийн зам 2(URANBAIGALI.A),(00246) Эмээлт(URANBAIGALI.A),(00516) Эмээлтийн зам(URANBAIGALI.A),(00091) 22-ын товчоо(URANBAIGALI.A),(00399) Товчооны зам(URANBAIGALI.A),(00408) Товчооны зам 2(URANBAIGALI.A),(00239) 22 товчооны наана(URANBAIGALI.A),(00589) Товчооны зам-3,,,,
D20,0,(00075) Ногоон Нуур(TSENDAYUSH.E),(00094) Про уан оффис(TSENDAYUSH.E),(00138) Хангай хотхон(TSENDAYUSH.E),(00144) F Хайлааст(DASHNYAM.G),(00176) Дөлгөөн нуур(TSENDAYUSH.E),(00216) Хоймор (TSENDAYUSH.E),(00241) Дэнжийн 1000(ERDENE.J),(00274) Рашаант төв(TSENDAYUSH.E),(00312) Найс төв(ERDENE.J),(00333) 16-р сургууль(NARANTSATSRAL.B),(00384) Э.Галданбошготын гудамж (ERDENE.J),(00418) Хайлаастын гудамж(NARANTSATSRAL.B),(00557) Баянбүрдийн тойрог (ERDENE.J),(00590) Их тойруу 2(TSENDAYUSH.E),
D21,0,(00231) Төгөлдөр Апартмент(SARANGEREL.M),(00530) Айрис ресиденс(BAYARSAIKHAN.E),(00453) ХУД Нэгдсэн эмнэлэг(BAYARSAIKHAN.E),(00317) Хангарьд сити 2(BAYARSAIKHAN.E),(00258) Мандала гарден(BAYARSAIKHAN.E),(00237) Арцат-2(BAYARSAIKHAN.E),(00263) Дрийм плаза(SARANGEREL.M),(00134) Фүүд сити(BAYARSAIKHAN.E),(00293) Вива сити(SARANGEREL.M),(00099) Шинэ Өргөө(SARANGEREL.M),,,,,
D22,0,(00566) ОУ-н Улаанбаатар их сургууль(KHERLENCHIMEG.B),(00093) Шөнийн зах(KHERLENCHIMEG.B),(00069) Ногоон Төгөл хотхон(NANDINTSETSEG.BAT),(00223) Эрэлийн 40(NANDINTSETSEG.BAT),(00150) Юү Би тауэр(NANDINTSETSEG.BAT),(00042) F Далай тауэр(NARMANDAKH.BA),(00086) F Барилга.мн(NARMANDAKH.BA),(00055) F 13-ын дунд зам(NARMANDAKH.BA),(00186) Дархан минж(NANDINTSETSEG.BAT),(00068) ХСҮТ(NARMANDAKH.BA),(00126) 84-р сургууль(NANDINTSETSEG.BAT),(00157) А -Үйлс хотхон(NANDINTSETSEG.BAT),(00043) Сэлбэ(NANDINTSETSEG.BAT),,
D23,0,(00007) Шангри-Ла(SUGARSUREN.O),(00545) 220 мянгат салбар,(00050) Бизнес Плаза(ENKHTUYA.G),(00125) Соёмбо тауэр(NANDINTSETSEG.BAT),(00012) Сити Плаза(NANDINTSETSEG.BAT),(00224) Хүнсний 50(ENKHEE.B),(00137) F Рояал Плаза(SUGARSUREN.O),(00526) Номуун хотхон(ENKHEE.B),,,,,,,
D24,0,(00323) Жэй Эс Тауэр(ENKHEE.B),(00409) Монгол Эм Импекс (ENKHEE.B),(00320) Нарны зам(ALTANCHIMEG.E),(00257) F Шинэ тэрэг плаза(ALTANCHIMEG.E),(00236) УБ их дэлгүүр(ENKHEE.B),(00206) 11-р сургууль(ENKHEE.B),(00202) Голомт хотхон(ENKHTUYA.G),(00020) F Хүүхдийн 100(SUGARSUREN.O),(00250) Сөүлийн гудамж(ENKHEE.B),,,,,,
D25,0,(00049) F Гранд Плаза(ENKHTUYA.G),(00105) F Нарны гүүр(ENKHTUYA.G),(00146) Грейс төв(BILGUUN.KHU),(00213) Замчдын Гудамж(BILGUUN.KHU),(00273) Гранд виста(BILGUUN.KHU),(00207) Премиум Апартмент(BILGUUN.KHU),(00247) Жи Би Таун(BILGUUN.KHU),(00124) Луна плаза(BILGUUN.KHU),,,,,,,
D26,0,(00499) Богд вилла(BAYARSAIKHAN.E),(00290) Белмонте Резиденс(BAYARSAIKHAN.E),(00228) Гарден сити(BAYARSAIKHAN.E),(00229) Седар сити(BAYARSAIKHAN.E),(00341) Нүхтийн зам(AMGALANBAYAR.B),(00558) Хан төгөл(AMGALANBAYAR.B),(00560) Хубилай(AMGALANBAYAR.B),(00449) Капитал Тауэр(AMGALANBAYAR.B),(00264) Яармаг (AMGALANBAYAR.B),(00555) Титан Плас (BAYARSAIKHAN.E),,,,,
D27,0,(00084) Буянт Ухаа 2(BAYARSAIKHAN.E),(00162) Бум худалдааны төв(AMGALANBAYAR.B),(00174) Евро таун(BAYARSAIKHAN.E),(00200) Буянт Ухаа 1(SARANTUYA.D),(00310) Шүрт хотхон(BAYARSAIKHAN.E),(00422) Биокомбинат(SARANTUYA.D),(00527) Эвэл апартмент(AMGALANBAYAR.B),(00546) Морингийн зам(SARANTUYA.D),,,,,,,
D28,0,(00291) Юү Би Инн(ENKHTUYA.G),(00578) Найман шарга(ENKHTUYA.G),(00193) F МН Тауэр(ENKHEE.B),(00324) Эко Интернэйшнл Тауэр(NANDINTSETSEG.BAT),(00295) Хөдөлмөрийн ордон(BYAMBASUREN.DO),(00023) Төв Шуудан(ENKHEE.B),(00056) Жи Мобайл(BYAMBASUREN.DO),(00097) Хуульчдын гудамж(BYAMBASUREN.DO),(00392) Тэрэлж резиденс(BYAMBASUREN.DO),(00119) ТТАХНЭ(ENKHTUYA.G),,,,,
D29,0,(00006) Пийс Молл(ENKHEE.B),(00008) 5-р сургууль(BYAMBASUREN.DO),(00019) Урт Цагаан(ENKHTUYA.G),(00025) Хүнсний 1(BYAMBASUREN.DO),(00040) Хүнсний 51(NANDINTSETSEG.BAT),(00107) Мөнгөн завъяа(ENKHEE.B),(00109) F Метро молл(TSENDAYUSH.E),(00182) F Монгол ньюс(ENKHTUYA.G),(00234) Чингэлтэй дүүрэг(ENKHTUYA.G),(00306) 5 яам(BYAMBASUREN.DO),(00548) Пийрл тауэр(ENKHTUYA.G),,,,
D30,0,(00002) Арт Галерей(NARMANDAKH.BA),(00016) Гранд Оффис(SUGARSUREN.O),(00072) Парк Плэйс(NANDINTSETSEG.BAT),(00085) F 1-р төрөх(SUGARSUREN.O),(00120) Элчингийн гудамж(NANDINTSETSEG.BAT),(00192) Гурван гал(NARMANDAKH.BA),(00218) Улсын 1-р Төв Эмнэлэг(SUGARSUREN.O),(00331) MN Сэнтрал оффис(SUGARSUREN.O),(00334) Ленин клуб(NANDINTSETSEG.BAT),(00359) Чойдогийн гудамж(SUGARSUREN.O),(00481) Ай Ти Си (SUGARSUREN.O),,,,
D31,0,(00136) F Блью жем(ENKHTUUL.E),(00208) F Кореа таун(ENKHTUUL.E),(00276) F Гүүд дей зочид буудал(ENKHTUUL.E),(00172) Чингүнжавын гудамж(ENKHTUUL.E),(00167) Авто плаза 2(UUGANTSETSEG.N),(00406) Сентоза(KHOSBAYAR.U),(00032) 4-р хороолол(KHOSBAYAR.U),(00108) Хөгжил хотхон(ENKHTUUL.E),(00024) Шонхор Плаза(ENKHTUUL.E),(00057) Нарлаг хотхон(ENKHTUUL.E),(00346) ГССҮТ урд(ENKHTUUL.E),(00438) Орхон зах (ENKHTUUL.E),(00414) Кристал Од(BILGUUN.KHU),(00098) Старс төв(ENKHTUYA.G),(00585) Саммит зочид буудал(ENKHTUUL.E)
D32,0,(00130) F Дархан нэхий(ENKHTUUL.E),(00385) Соло молл(ENKHTUUL.E),(00230) Хишиг төв(ENKHTUUL.E),(00048) F Өргөө(KHOSBAYAR.U),(00398) Гэгээ зочид буудал(UUGANTSETSEG.N),(00358) Бичлийн аркны буудал(UUGANTSETSEG.N),(00118) F 6-р Бичил(KHONGORZUL.A),(00296) Бичил Талимаа(KHOSBAYAR.U),(00215) F Эх нялхас(KHOSBAYAR.U),(00143) Тэди 2(ENKHTUUL.E),(00191) Хороолол(ENKHTUUL.E),(00377) Нару төв(KHOSBAYAR.U),(00156) Хүрээ дээд сургууль(KHOSBAYAR.U),(00281) Хасбаатарын гудамж (UUGANTSETSEG.N),
D33,0,(00060) Юнион Бюлдинг(ALTANCHIMEG.E),(00039) F Цэцэнхангай(NARMANDAKH.BA),(00059) Төгөлдөр төв(BYAMBASUREN.DO),(00013) Байгал Төв(BYAMBASUREN.DO),(00011) 64(BATMUNKH.E),(00004) МУИС(ENKHTUYA.G),(00198) Канион төв(BYAMBASUREN.DO),(00003) Сэнтрал Тауэр(SUGARSUREN.O),(00222) Сити центр(BYAMBASUREN.DO),(00189) F Спортын ордон(ENKHEE.B),(00129) Амарын гудамж(BYAMBASUREN.DO),(00114) Жи Би центр(ZOLJARGAL.GO),(00580) Ривэр кастл(NARMANDAKH.BA),,
D34,0,(00018) Ардын Эрх(NARANTSATSRAL.B),(00028) F МУИС ЭЗС(TSENDAYUSH.E),(00030) F 11-р хороолол(ERDENE.J),(00111) Нисора тауэр(ZOLJARGAL.GO),(00113) F 100 айл УБЕГ(DASHNYAM.G),(00133) Сансарын тойрог(ZOLJARGAL.GO),(00161) РЦНК(ZOLJARGAL.GO),(00169) Сансарын колонк(ZOLJARGAL.GO),(00171) Гурван эрдэнэ(TSENDAYUSH.E),(00267) Консул тауэр(ZOLJARGAL.GO),(00270) Эвт төв(ZOLJARGAL.GO),(00298) Барилга мега стор (NARANTSATSRAL.B),(00364) Гэрэлтжин(NARANTSATSRAL.B),(00412) 33-р сургууль(ZOLJARGAL.GO),
D35,0,(00038) Маршал таун(BILGUUN.M),(00076) F Ривер Гарден(SARANTUYA.D),(00081) Кинг Тауэр(BILGUUN.M),(00132) Тайм скүэр(BAYARMAA.T),(00233) Саншайн виллаж(TUNGALAGBOLOR.D),(00243) Cкай Гарден Резиденс (BILGUUN.M),(00266) Модун Таун(BAYARMAA.T),(00419) Ривер Гарден-2(KHONGORZUL.A),(00451) Их Монгол плаза(BILGUUN.M),(00517) Кинг тауэр 2(BILGUUN.M),(00519) ХҮРЭЭЛЭН(TUNGALAGBOLOR.D),,,,
D36,0,(00376) Саруул центр(TUNGALAGBOLOR.D),(00378) Баянмонгол-2(TUNGALAGBOLOR.D),(00035) F Баянмонгол(TUNGALAGBOLOR.D),(00287) Эмералд резиденс(TUNGALAGBOLOR.D),(00027) Кристалл Таун(TUNGALAGBOLOR.D),(00339) Чухаг хотхон(ALTANCHIMEG.E),(00065) F Олимп хотхон(KHERLENCHIMEG.B),(00100) Элизабет(TUNGALAGBOLOR.D),(00427) Их наяд(TUNGALAGBOLOR.D),(00145) Саруул хороолол(TUNGALAGBOLOR.D),(00520) Сакура бьюлдинг(TUNGALAGBOLOR.D),(00180) Мандала хотхон(TUNGALAGBOLOR.D),(00077) F Парк Од(TUNGALAGBOLOR.D),(00148) Нархан хотхон(ALTANCHIMEG.E),(00209) Бүти таун(ALTANCHIMEG.E)
D37,0,(00047) F Аман Хуур 1(USUKHBAYAR.B),(00082) Аман Хуур 2(USUKHBAYAR.B),(00083) КТМС(BATMUNKH.E),(00092) Цагаан хуаран(USUKHBAYAR.B),(00128) ХӨСҮТ хойд(USUKHBAYAR.B),(00154) F Сансарын туннел(BATMUNKH.E),(00210) Сүхбаатар нэгдсэн эмнэлэг(NARANTSATSRAL.B),(00282) Шилэн зах(USUKHBAYAR.B),(00329) F Нарт хотхон 2(USUKHBAYAR.B),(00357) Дарь эхийн гудамж(NARANTSATSRAL.B),(00361) F Намъянжүгийн гудамж (KHERLENCHIMEG.B),(00370) Дарь-Эхийн уулзвар(NARANTSATSRAL.B),(00513) Их тойруу(NARANTSATSRAL.B),"(00553) Дарь-Эх, Монелийн уулзвар(NARANTSATSRAL.B)",(00581) Өлзий төв(USUKHBAYAR.B)
D38,0,(00031) F Наадам(SAIKHANBILEG.KH),(00183) Астра Плэйс(BOLORTUYA.E),(00175) Соёмбот уул(BAYARMAA.T),(00123) F Будда виста(BAYARMAA.T),(00439) Севен стар(BAYARMAA.T),(00299) Зайсан ресидинс(BAYARMAA.T),(00021) Зайсан Хилл(BAYARMAA.T),(00199) Рома таун(BAYARMAA.T),(00373) Зайсангийн эцэс(BAYARMAA.T),(00265) Вайт Хилл(BAYARMAA.T),(00053) Зайсан(BAYARMAA.T),,,,
D39,0,(00505) Зүчи зочид буудал(BOLORTUYA.E),(00061) Энхтайваны гүүр(BOLORTUYA.E),(00079) F Нарны хороолол 2(SARANTUYA.D),(00482) Тара центр(ALTANCHIMEG.E),(00300) Гэрлүг виста(BILGUUN.M),(00158) Хүннү плас(BILGUUN.M),(00033) Хүннү2222(KHONGORZUL.A),(00184) Удирдлагын академи(BILGUUN.M),(00116) F Парк гарден(KHALIUN.B),(00292) Цэнгэлдэх хотхон(BILGUUN.M),(00014) Рапид Харш(ALTANCHIMEG.E),(00410) Токио таун-2(ALTANCHIMEG.E),(00051) F Гэгээнтэн(KHONGORZUL.A),,
D40,0,(00204) Нэхмэл хотхон(BOLORTUYA.E),(00253) F Хонгор Апартмент(KHONGORZUL.A),(00308) Кози Апартмент(SARANGEREL.M),(00543) Тэх Мөнх(DAGIIJANCHIV.E),(00101) F 19-р хороолол(BAYARMAA.T),(00283) 19-н үйлчилгээний төв(BAYARMAA.T),(00480) Дунд гол(BOLORTUYA.E),(00235) 120 мянгат(BOLORTUYA.E),(00070) Алтай хотхон(SARANGEREL.M),(00301) Алтай хотхон 2(SARANGEREL.M),(00140) F Пийс таун(KHONGORZUL.A),,,,
D41,0,(00001) F Юү Би Эйч Бьюлдинг (SUGARSUREN.O),(00010) F Сансар Хэт төв(ERDENE.J),(00022) 13 Оч Төв(ZOLJARGAL.GO),(00064) F Американ Дэнж(SULDERDENE.Z),(00139) F Миллениум плаза(NARMANDAKH.BA),(00153) Их засаг(BATMUNKH.E),(00187) F Жуков худалдааны төв(BATMUNKH.E),(00188) Ахуй үйлчилгээний төв(BATMUNKH.E),(00347) Наран Ундраа төв(NANDINTSETSEG.BAT),(00354) Эрхэт худалдааны төв(NARMANDAKH.BA),(00397) Б.Доржийн гудамж (BATMUNKH.E),(00509) Шинэ Сансар зах(BATMUNKH.E),(00552) 13-р хороолол(NARMANDAKH.BA),(00564) Оршил центр(NARMANDAKH.BA),
D42,0,(00037) 10-р хороолол(DAGIIJANCHIV.E),(00066) Голден Парк хотхон(BILGUUN.KHU),(00074) 3-р эмнэлэг(SUKHBAT.B),(00090) Материал импекс(BILGUUN.KHU),(00103) Сувилахуйн сургууль(SUKHBAT.B),(00115) F Хархорин(SUKHBAT.B),(00205) Талын болор(SUKHBAT.B),(00219) F 10-р хороолол 2(DAGIIJANCHIV.E),(00232) Өргөө 68(SUKHBAT.B),(00251) Гурвалжин салбар(SUKHBAT.B),(00327) Арвин(DAGIIJANCHIV.E),(00332) Сод төв(BILGUUN.KHU),(00389) Юнити центр(BILGUUN.KHU),(00565) 3-р эмнэлэгийн хойд буудал(SUKHBAT.B),
D43,0,(00127) F ХУД(BAYARMAA.T),(00173) F САЦ зочид буудал(BAYARMAA.T),(00238) Морьтон цогцолбор(BOLORTUYA.E),(00058) Интермед(SARANGEREL.M),(00122) Шинэ мөрөөдөл хотхон(BOLORTUYA.E),(00067) Юү Би Таун 2(BOLORTUYA.E),(00041) Юү Би Таун(BOLORTUYA.E),(00147) Зайсан апартмент(BOLORTUYA.E),(00550) Чингисийн өргөн чөлөө(BOLORTUYA.E),(00535) Эрчим (SARANGEREL.M),(00089) Гутлын үйлдвэр(SARANGEREL.M),(00259) Скай смарт(SARANGEREL.M),(00272) Комфорт плаза(SARANGEREL.M),(00275) Үйлдвэрийн гудамж(SARANGEREL.M),(00567) Ажилчны гудамж(SARANGEREL.M)
D44,0,(00260) F Саппоро(SUKHBAT.B),(00393) 1-р хорооллын арын зам(ENKHTUUL.E),(00540) Сонне плаза(ENKHTUUL.E),(00017) F Модны 2(TSENDAYUSH.E),(00221) Намуун зочид буудал(TSENDAYUSH.E),(00155) БГД 17-р хороо(UUGANTSETSEG.N),(00054) Модны 2 Элеганс Таун(TSENDAYUSH.E),(00190) Амарсанаагийн гудамж(TSENDAYUSH.E),(00005) Гурванбилэг(KHOSBAYAR.U),(00046) Богд-Ар(BILGUUN.KHU),(00106) Премиум Улаанбаатар(BILGUUN.KHU),(00196) F Вокзал(DAGIIJANCHIV.E),(00374) Наранбулаг Зочид буудал(DAGIIJANCHIV.E),,
D45,0,(00151) F 21-р хороолол(NYAMNOROV.B),(00117) F СХД(NYAMNOROV.B),(00544) Орчлон хороолол 2(TUGULDUR.G),(00305) Сонгинохайрхан зах(TUGULDUR.G),(00034) Содон(TUGULDUR.G),(00195) F Драгон(SUGARSUREN.O),(00494) Эн Си Бьюлдинг (TUGULDUR.G),(00450) Элим тауэр(TUGULDUR.G),(00179) Москва хороолол(TUGULDUR.G),(00460) Ундрах төв(TUGULDUR.G),(00508) Баянбалбар(TUGULDUR.G),(00217) 32-н буудал(SUKHBAT.B),(00462) Хархорин Пирамид(SUKHBAT.B),,
D46,0,(00121) F Премиум палас(ENKHTUYA.G),(00165) Зурагтын зам(KHOSBAYAR.U),(00185) Баруун 4 замын хойд(BYAMBASUREN.DO),(00220) Гандан(UUGANTSETSEG.N),(00286) Бөмбөгөр(ENKHTUYA.G),(00338) Зурагтын шинэ эцэс(UUGANTSETSEG.N),(00350) Рич зочид буудал(BYAMBASUREN.DO),(00356) Гандангийн хойд(UUGANTSETSEG.N),(00369) F Орхон 11 гудамж (TSENDAYUSH.E),(00371) Баянбүрд(TSENDAYUSH.E),(00375) Макс молл(ENKHTUYA.G),(00379) Маргад центр(BYAMBASUREN.DO),,,
D47,0,(00168) Тасганы овоо(UUGANTSETSEG.N),(00225) Шар Ордон(UUGANTSETSEG.N),(00318) F Баянхошууны зам(KHOSBAYAR.U),(00421) Баянхошууны зам 2(UUGANTSETSEG.N),(00362) Буман төв(UUGANTSETSEG.N),(00394) Баянхошууны шинэ эцэс(UUGANTSETSEG.N),(00360) Зүүн салааны эцэс(UUGANTSETSEG.N),(00490) Ханхөхий төв(UUGANTSETSEG.N),(00345) Баянхошууны эцэс(UUGANTSETSEG.N),(00504) Норвуун рава төв(UUGANTSETSEG.N),(00337) Баянхошуу Өн цаг төв(TUGULDUR.G),(00396) Москвагийн гудамж(TUGULDUR.G),(00584) Ханын материал(TUGULDUR.G),,
D48,0,(00181) Энхжин худалдааны төв(TUGULDUR.G),(00342) Толгойтын эцэс(URANBAIGALI.A),(00380) Орбитын тойрог(URANBAIGALI.A),(00388) Тахилт(URANBAIGALI.A),(00391) Нефть хотхон(SUGARSUREN.O),(00395) Толгойтын гудамж (NYAMNOROV.B),(00401) Шинэ Алтай зочид буудал(TUGULDUR.G),(00403) Залуус хороолол(TUGULDUR.G),(00437) Эко төв(URANBAIGALI.A),(00440) Хилчин холбоочидын гудамж(URANBAIGALI.A),(00445) Тахилтын эцэс(URANBAIGALI.A),(00489) Их наран (NYAMNOROV.B),(00576) Сэлэнгэ зах(SUGARSUREN.O),,